user_id,item_id,category,behavior_type,timestamp,mapped_id,url,id,name,subtitle,icon url,average user rating,user rating count,price,in-app purchases,description,developer,age rating,languages,size,primary genre,genres,original release date,current version release date
0,0,2520377,pv,1511544070,284921427,https://apps.apple.com/us/app/sudoku/id284921427,284921427,Sudoku,,https://is2-ssl.mzstatic.com/image/thumb/Purple127/v4/7d/23/c6/7d23c660-aba8-308a-05c0-19385a377c0e/source/512x512bb.jpg,1.0,3553.0,1.0000000000000002,,"Join over 21,000,000 of our fans and download one of our Sudoku games today!\n\nMakers of the Best Sudoku Game of 2008, Sudoku (Free), we offer you the best selling Sudoku game for iPhone with great features and 1000 unique puzzles! \n\nSudoku will give you many hours of fun and puzzle solving. Enjoy the challenge of solving Sudoku puzzles whenever or wherever you are using your iPhone or iPod Touch. \n\nOPTIONS\n\nAll options are on by default, but you can turn them off in the Options menu\n\u2022 Show Incorrect :: Shows incorrect answers in red.  \n\u2022 Smart Buttons :: Disables the number button when that number is completed on the game board.   \n\u2022 Smart Notes :: Removes the number from the notes in the box, column, and row that contains the cell with your correct answer.\n\nFEATURES\n\n\u2022 1000 unique handcrafted puzzles\n\u2022 ALL puzzles solvable WITHOUT guessing\n\u2022 Four different skill levels\n\u2022 Challenge a friend\n\u2022 Multiple color schemes\n\u2022 ""ALL notes"": tap the ""All notes"" button on to show all the possible answers for each square.  Tap the ""All notes"" button off to remove the notes.\n\u2022 Hints: shows the answer for the selected square or a random square when one is not selected\n\u2022 Pause the game at any time and resume where you left off\n\u2022 Best times, progress statistics, and much more\n\nDo you want more? Try one of our other versions of sudoku which have all the same great features!\n* Try Color Sudoku for a fun twist to solving sudoku puzzles. \n* For advanced puzzle solving, try Expert Sudoku to challenge your sudoku solving skills.",Mighty Mighty Good Games,4+,"DA, NL, EN, FI, FR, DE, IT, JA, KO, NB, PL, PT, RU, ZH, ES, SV, ZH",1.0,Games,"Games, Strategy, Puzzle",11/07/2008,30/05/2017
0,1,2520771,pv,1511561733,284926400,https://apps.apple.com/us/app/reversi/id284926400,284926400,Reversi,,https://is4-ssl.mzstatic.com/image/thumb/Purple128/v4/f7/e8/10/f7e810c8-72b4-cd85-e2d3-fbcb1e3ef381/source/512x512bb.jpg,0.0,284.0,0.0,,"The classic game of Reversi, also known as Othello, is a much-loved strategy board game. It is often described as taking only a minute to learn but a lifetime to master. Each game only takes a few minutes, making it ideal for your iPhone or iPod Touch. It can be played by all ages. This continues to be one of the most sought-after versions of the game for the natural AI when playing against the CPU and the refreshing, crisp graphics.\n\nFEATURES:\n\n- One or two player mode\n- Six levels of difficulty from beginner to guru\n- Each level has its own style of play\n- Strong computer opponent at higher levels\n- Fast computer play!\n- Option for suggestions to help improve your game play\n- Four gorgeously styled boards\n- Unlimited undo and redo\n- Scoreboard\n- Auto-save game in progress\n- Can listen to your iPod whilst playing\n\n""There are several free Reversi games in the app store, but none have the breadth of options or depth of AI of this paid version. AppCraver looks forward to seeing what developer Kiss The Machine comes up with next"" - www.appcraver.com\n\n""For those who are serious about playing Reversi and want a serious AI challenge get this one"" - mrbass.org best iPhone and iPod Touch games",Kiss The Machine,4+,EN,0.0,Games,"Games, Strategy, Board",11/07/2008,17/05/2018
18,0,2520377,pv,1511658939,284921427,https://apps.apple.com/us/app/sudoku/id284921427,284921427,Sudoku,,https://is2-ssl.mzstatic.com/image/thumb/Purple127/v4/7d/23/c6/7d23c660-aba8-308a-05c0-19385a377c0e/source/512x512bb.jpg,1.0,3553.0,1.0000000000000002,,"Join over 21,000,000 of our fans and download one of our Sudoku games today!\n\nMakers of the Best Sudoku Game of 2008, Sudoku (Free), we offer you the best selling Sudoku game for iPhone with great features and 1000 unique puzzles! \n\nSudoku will give you many hours of fun and puzzle solving. Enjoy the challenge of solving Sudoku puzzles whenever or wherever you are using your iPhone or iPod Touch. \n\nOPTIONS\n\nAll options are on by default, but you can turn them off in the Options menu\n\u2022 Show Incorrect :: Shows incorrect answers in red.  \n\u2022 Smart Buttons :: Disables the number button when that number is completed on the game board.   \n\u2022 Smart Notes :: Removes the number from the notes in the box, column, and row that contains the cell with your correct answer.\n\nFEATURES\n\n\u2022 1000 unique handcrafted puzzles\n\u2022 ALL puzzles solvable WITHOUT guessing\n\u2022 Four different skill levels\n\u2022 Challenge a friend\n\u2022 Multiple color schemes\n\u2022 ""ALL notes"": tap the ""All notes"" button on to show all the possible answers for each square.  Tap the ""All notes"" button off to remove the notes.\n\u2022 Hints: shows the answer for the selected square or a random square when one is not selected\n\u2022 Pause the game at any time and resume where you left off\n\u2022 Best times, progress statistics, and much more\n\nDo you want more? Try one of our other versions of sudoku which have all the same great features!\n* Try Color Sudoku for a fun twist to solving sudoku puzzles. \n* For advanced puzzle solving, try Expert Sudoku to challenge your sudoku solving skills.",Mighty Mighty Good Games,4+,"DA, NL, EN, FI, FR, DE, IT, JA, KO, NB, PL, PT, RU, ZH, ES, SV, ZH",1.0,Games,"Games, Strategy, Puzzle",11/07/2008,30/05/2017
19,0,2520377,pv,1511866810,284921427,https://apps.apple.com/us/app/sudoku/id284921427,284921427,Sudoku,,https://is2-ssl.mzstatic.com/image/thumb/Purple127/v4/7d/23/c6/7d23c660-aba8-308a-05c0-19385a377c0e/source/512x512bb.jpg,1.0,3553.0,1.0000000000000002,,"Join over 21,000,000 of our fans and download one of our Sudoku games today!\n\nMakers of the Best Sudoku Game of 2008, Sudoku (Free), we offer you the best selling Sudoku game for iPhone with great features and 1000 unique puzzles! \n\nSudoku will give you many hours of fun and puzzle solving. Enjoy the challenge of solving Sudoku puzzles whenever or wherever you are using your iPhone or iPod Touch. \n\nOPTIONS\n\nAll options are on by default, but you can turn them off in the Options menu\n\u2022 Show Incorrect :: Shows incorrect answers in red.  \n\u2022 Smart Buttons :: Disables the number button when that number is completed on the game board.   \n\u2022 Smart Notes :: Removes the number from the notes in the box, column, and row that contains the cell with your correct answer.\n\nFEATURES\n\n\u2022 1000 unique handcrafted puzzles\n\u2022 ALL puzzles solvable WITHOUT guessing\n\u2022 Four different skill levels\n\u2022 Challenge a friend\n\u2022 Multiple color schemes\n\u2022 ""ALL notes"": tap the ""All notes"" button on to show all the possible answers for each square.  Tap the ""All notes"" button off to remove the notes.\n\u2022 Hints: shows the answer for the selected square or a random square when one is not selected\n\u2022 Pause the game at any time and resume where you left off\n\u2022 Best times, progress statistics, and much more\n\nDo you want more? Try one of our other versions of sudoku which have all the same great features!\n* Try Color Sudoku for a fun twist to solving sudoku puzzles. \n* For advanced puzzle solving, try Expert Sudoku to challenge your sudoku solving skills.",Mighty Mighty Good Games,4+,"DA, NL, EN, FI, FR, DE, IT, JA, KO, NB, PL, PT, RU, ZH, ES, SV, ZH",1.0,Games,"Games, Strategy, Puzzle",11/07/2008,30/05/2017
20,0,2520377,pv,1512294665,284921427,https://apps.apple.com/us/app/sudoku/id284921427,284921427,Sudoku,,https://is2-ssl.mzstatic.com/image/thumb/Purple127/v4/7d/23/c6/7d23c660-aba8-308a-05c0-19385a377c0e/source/512x512bb.jpg,1.0,3553.0,1.0000000000000002,,"Join over 21,000,000 of our fans and download one of our Sudoku games today!\n\nMakers of the Best Sudoku Game of 2008, Sudoku (Free), we offer you the best selling Sudoku game for iPhone with great features and 1000 unique puzzles! \n\nSudoku will give you many hours of fun and puzzle solving. Enjoy the challenge of solving Sudoku puzzles whenever or wherever you are using your iPhone or iPod Touch. \n\nOPTIONS\n\nAll options are on by default, but you can turn them off in the Options menu\n\u2022 Show Incorrect :: Shows incorrect answers in red.  \n\u2022 Smart Buttons :: Disables the number button when that number is completed on the game board.   \n\u2022 Smart Notes :: Removes the number from the notes in the box, column, and row that contains the cell with your correct answer.\n\nFEATURES\n\n\u2022 1000 unique handcrafted puzzles\n\u2022 ALL puzzles solvable WITHOUT guessing\n\u2022 Four different skill levels\n\u2022 Challenge a friend\n\u2022 Multiple color schemes\n\u2022 ""ALL notes"": tap the ""All notes"" button on to show all the possible answers for each square.  Tap the ""All notes"" button off to remove the notes.\n\u2022 Hints: shows the answer for the selected square or a random square when one is not selected\n\u2022 Pause the game at any time and resume where you left off\n\u2022 Best times, progress statistics, and much more\n\nDo you want more? Try one of our other versions of sudoku which have all the same great features!\n* Try Color Sudoku for a fun twist to solving sudoku puzzles. \n* For advanced puzzle solving, try Expert Sudoku to challenge your sudoku solving skills.",Mighty Mighty Good Games,4+,"DA, NL, EN, FI, FR, DE, IT, JA, KO, NB, PL, PT, RU, ZH, ES, SV, ZH",1.0,Games,"Games, Strategy, Puzzle",11/07/2008,30/05/2017
21,0,2520377,pv,1511969173,284921427,https://apps.apple.com/us/app/sudoku/id284921427,284921427,Sudoku,,https://is2-ssl.mzstatic.com/image/thumb/Purple127/v4/7d/23/c6/7d23c660-aba8-308a-05c0-19385a377c0e/source/512x512bb.jpg,1.0,3553.0,1.0000000000000002,,"Join over 21,000,000 of our fans and download one of our Sudoku games today!\n\nMakers of the Best Sudoku Game of 2008, Sudoku (Free), we offer you the best selling Sudoku game for iPhone with great features and 1000 unique puzzles! \n\nSudoku will give you many hours of fun and puzzle solving. Enjoy the challenge of solving Sudoku puzzles whenever or wherever you are using your iPhone or iPod Touch. \n\nOPTIONS\n\nAll options are on by default, but you can turn them off in the Options menu\n\u2022 Show Incorrect :: Shows incorrect answers in red.  \n\u2022 Smart Buttons :: Disables the number button when that number is completed on the game board.   \n\u2022 Smart Notes :: Removes the number from the notes in the box, column, and row that contains the cell with your correct answer.\n\nFEATURES\n\n\u2022 1000 unique handcrafted puzzles\n\u2022 ALL puzzles solvable WITHOUT guessing\n\u2022 Four different skill levels\n\u2022 Challenge a friend\n\u2022 Multiple color schemes\n\u2022 ""ALL notes"": tap the ""All notes"" button on to show all the possible answers for each square.  Tap the ""All notes"" button off to remove the notes.\n\u2022 Hints: shows the answer for the selected square or a random square when one is not selected\n\u2022 Pause the game at any time and resume where you left off\n\u2022 Best times, progress statistics, and much more\n\nDo you want more? Try one of our other versions of sudoku which have all the same great features!\n* Try Color Sudoku for a fun twist to solving sudoku puzzles. \n* For advanced puzzle solving, try Expert Sudoku to challenge your sudoku solving skills.",Mighty Mighty Good Games,4+,"DA, NL, EN, FI, FR, DE, IT, JA, KO, NB, PL, PT, RU, ZH, ES, SV, ZH",1.0,Games,"Games, Strategy, Puzzle",11/07/2008,30/05/2017
22,0,2520377,pv,1511785700,284921427,https://apps.apple.com/us/app/sudoku/id284921427,284921427,Sudoku,,https://is2-ssl.mzstatic.com/image/thumb/Purple127/v4/7d/23/c6/7d23c660-aba8-308a-05c0-19385a377c0e/source/512x512bb.jpg,1.0,3553.0,1.0000000000000002,,"Join over 21,000,000 of our fans and download one of our Sudoku games today!\n\nMakers of the Best Sudoku Game of 2008, Sudoku (Free), we offer you the best selling Sudoku game for iPhone with great features and 1000 unique puzzles! \n\nSudoku will give you many hours of fun and puzzle solving. Enjoy the challenge of solving Sudoku puzzles whenever or wherever you are using your iPhone or iPod Touch. \n\nOPTIONS\n\nAll options are on by default, but you can turn them off in the Options menu\n\u2022 Show Incorrect :: Shows incorrect answers in red.  \n\u2022 Smart Buttons :: Disables the number button when that number is completed on the game board.   \n\u2022 Smart Notes :: Removes the number from the notes in the box, column, and row that contains the cell with your correct answer.\n\nFEATURES\n\n\u2022 1000 unique handcrafted puzzles\n\u2022 ALL puzzles solvable WITHOUT guessing\n\u2022 Four different skill levels\n\u2022 Challenge a friend\n\u2022 Multiple color schemes\n\u2022 ""ALL notes"": tap the ""All notes"" button on to show all the possible answers for each square.  Tap the ""All notes"" button off to remove the notes.\n\u2022 Hints: shows the answer for the selected square or a random square when one is not selected\n\u2022 Pause the game at any time and resume where you left off\n\u2022 Best times, progress statistics, and much more\n\nDo you want more? Try one of our other versions of sudoku which have all the same great features!\n* Try Color Sudoku for a fun twist to solving sudoku puzzles. \n* For advanced puzzle solving, try Expert Sudoku to challenge your sudoku solving skills.",Mighty Mighty Good Games,4+,"DA, NL, EN, FI, FR, DE, IT, JA, KO, NB, PL, PT, RU, ZH, ES, SV, ZH",1.0,Games,"Games, Strategy, Puzzle",11/07/2008,30/05/2017
23,0,2520377,pv,1512274879,284921427,https://apps.apple.com/us/app/sudoku/id284921427,284921427,Sudoku,,https://is2-ssl.mzstatic.com/image/thumb/Purple127/v4/7d/23/c6/7d23c660-aba8-308a-05c0-19385a377c0e/source/512x512bb.jpg,1.0,3553.0,1.0000000000000002,,"Join over 21,000,000 of our fans and download one of our Sudoku games today!\n\nMakers of the Best Sudoku Game of 2008, Sudoku (Free), we offer you the best selling Sudoku game for iPhone with great features and 1000 unique puzzles! \n\nSudoku will give you many hours of fun and puzzle solving. Enjoy the challenge of solving Sudoku puzzles whenever or wherever you are using your iPhone or iPod Touch. \n\nOPTIONS\n\nAll options are on by default, but you can turn them off in the Options menu\n\u2022 Show Incorrect :: Shows incorrect answers in red.  \n\u2022 Smart Buttons :: Disables the number button when that number is completed on the game board.   \n\u2022 Smart Notes :: Removes the number from the notes in the box, column, and row that contains the cell with your correct answer.\n\nFEATURES\n\n\u2022 1000 unique handcrafted puzzles\n\u2022 ALL puzzles solvable WITHOUT guessing\n\u2022 Four different skill levels\n\u2022 Challenge a friend\n\u2022 Multiple color schemes\n\u2022 ""ALL notes"": tap the ""All notes"" button on to show all the possible answers for each square.  Tap the ""All notes"" button off to remove the notes.\n\u2022 Hints: shows the answer for the selected square or a random square when one is not selected\n\u2022 Pause the game at any time and resume where you left off\n\u2022 Best times, progress statistics, and much more\n\nDo you want more? Try one of our other versions of sudoku which have all the same great features!\n* Try Color Sudoku for a fun twist to solving sudoku puzzles. \n* For advanced puzzle solving, try Expert Sudoku to challenge your sudoku solving skills.",Mighty Mighty Good Games,4+,"DA, NL, EN, FI, FR, DE, IT, JA, KO, NB, PL, PT, RU, ZH, ES, SV, ZH",1.0,Games,"Games, Strategy, Puzzle",11/07/2008,30/05/2017
2,0,2520377,pv,1511862464,284921427,https://apps.apple.com/us/app/sudoku/id284921427,284921427,Sudoku,,https://is2-ssl.mzstatic.com/image/thumb/Purple127/v4/7d/23/c6/7d23c660-aba8-308a-05c0-19385a377c0e/source/512x512bb.jpg,1.0,3553.0,1.0000000000000002,,"Join over 21,000,000 of our fans and download one of our Sudoku games today!\n\nMakers of the Best Sudoku Game of 2008, Sudoku (Free), we offer you the best selling Sudoku game for iPhone with great features and 1000 unique puzzles! \n\nSudoku will give you many hours of fun and puzzle solving. Enjoy the challenge of solving Sudoku puzzles whenever or wherever you are using your iPhone or iPod Touch. \n\nOPTIONS\n\nAll options are on by default, but you can turn them off in the Options menu\n\u2022 Show Incorrect :: Shows incorrect answers in red.  \n\u2022 Smart Buttons :: Disables the number button when that number is completed on the game board.   \n\u2022 Smart Notes :: Removes the number from the notes in the box, column, and row that contains the cell with your correct answer.\n\nFEATURES\n\n\u2022 1000 unique handcrafted puzzles\n\u2022 ALL puzzles solvable WITHOUT guessing\n\u2022 Four different skill levels\n\u2022 Challenge a friend\n\u2022 Multiple color schemes\n\u2022 ""ALL notes"": tap the ""All notes"" button on to show all the possible answers for each square.  Tap the ""All notes"" button off to remove the notes.\n\u2022 Hints: shows the answer for the selected square or a random square when one is not selected\n\u2022 Pause the game at any time and resume where you left off\n\u2022 Best times, progress statistics, and much more\n\nDo you want more? Try one of our other versions of sudoku which have all the same great features!\n* Try Color Sudoku for a fun twist to solving sudoku puzzles. \n* For advanced puzzle solving, try Expert Sudoku to challenge your sudoku solving skills.",Mighty Mighty Good Games,4+,"DA, NL, EN, FI, FR, DE, IT, JA, KO, NB, PL, PT, RU, ZH, ES, SV, ZH",1.0,Games,"Games, Strategy, Puzzle",11/07/2008,30/05/2017
2,0,2520377,pv,1511862496,284921427,https://apps.apple.com/us/app/sudoku/id284921427,284921427,Sudoku,,https://is2-ssl.mzstatic.com/image/thumb/Purple127/v4/7d/23/c6/7d23c660-aba8-308a-05c0-19385a377c0e/source/512x512bb.jpg,1.0,3553.0,1.0000000000000002,,"Join over 21,000,000 of our fans and download one of our Sudoku games today!\n\nMakers of the Best Sudoku Game of 2008, Sudoku (Free), we offer you the best selling Sudoku game for iPhone with great features and 1000 unique puzzles! \n\nSudoku will give you many hours of fun and puzzle solving. Enjoy the challenge of solving Sudoku puzzles whenever or wherever you are using your iPhone or iPod Touch. \n\nOPTIONS\n\nAll options are on by default, but you can turn them off in the Options menu\n\u2022 Show Incorrect :: Shows incorrect answers in red.  \n\u2022 Smart Buttons :: Disables the number button when that number is completed on the game board.   \n\u2022 Smart Notes :: Removes the number from the notes in the box, column, and row that contains the cell with your correct answer.\n\nFEATURES\n\n\u2022 1000 unique handcrafted puzzles\n\u2022 ALL puzzles solvable WITHOUT guessing\n\u2022 Four different skill levels\n\u2022 Challenge a friend\n\u2022 Multiple color schemes\n\u2022 ""ALL notes"": tap the ""All notes"" button on to show all the possible answers for each square.  Tap the ""All notes"" button off to remove the notes.\n\u2022 Hints: shows the answer for the selected square or a random square when one is not selected\n\u2022 Pause the game at any time and resume where you left off\n\u2022 Best times, progress statistics, and much more\n\nDo you want more? Try one of our other versions of sudoku which have all the same great features!\n* Try Color Sudoku for a fun twist to solving sudoku puzzles. \n* For advanced puzzle solving, try Expert Sudoku to challenge your sudoku solving skills.",Mighty Mighty Good Games,4+,"DA, NL, EN, FI, FR, DE, IT, JA, KO, NB, PL, PT, RU, ZH, ES, SV, ZH",1.0,Games,"Games, Strategy, Puzzle",11/07/2008,30/05/2017
3,0,2520377,pv,1511938318,284921427,https://apps.apple.com/us/app/sudoku/id284921427,284921427,Sudoku,,https://is2-ssl.mzstatic.com/image/thumb/Purple127/v4/7d/23/c6/7d23c660-aba8-308a-05c0-19385a377c0e/source/512x512bb.jpg,1.0,3553.0,1.0000000000000002,,"Join over 21,000,000 of our fans and download one of our Sudoku games today!\n\nMakers of the Best Sudoku Game of 2008, Sudoku (Free), we offer you the best selling Sudoku game for iPhone with great features and 1000 unique puzzles! \n\nSudoku will give you many hours of fun and puzzle solving. Enjoy the challenge of solving Sudoku puzzles whenever or wherever you are using your iPhone or iPod Touch. \n\nOPTIONS\n\nAll options are on by default, but you can turn them off in the Options menu\n\u2022 Show Incorrect :: Shows incorrect answers in red.  \n\u2022 Smart Buttons :: Disables the number button when that number is completed on the game board.   \n\u2022 Smart Notes :: Removes the number from the notes in the box, column, and row that contains the cell with your correct answer.\n\nFEATURES\n\n\u2022 1000 unique handcrafted puzzles\n\u2022 ALL puzzles solvable WITHOUT guessing\n\u2022 Four different skill levels\n\u2022 Challenge a friend\n\u2022 Multiple color schemes\n\u2022 ""ALL notes"": tap the ""All notes"" button on to show all the possible answers for each square.  Tap the ""All notes"" button off to remove the notes.\n\u2022 Hints: shows the answer for the selected square or a random square when one is not selected\n\u2022 Pause the game at any time and resume where you left off\n\u2022 Best times, progress statistics, and much more\n\nDo you want more? Try one of our other versions of sudoku which have all the same great features!\n* Try Color Sudoku for a fun twist to solving sudoku puzzles. \n* For advanced puzzle solving, try Expert Sudoku to challenge your sudoku solving skills.",Mighty Mighty Good Games,4+,"DA, NL, EN, FI, FR, DE, IT, JA, KO, NB, PL, PT, RU, ZH, ES, SV, ZH",1.0,Games,"Games, Strategy, Puzzle",11/07/2008,30/05/2017
4,0,2520377,cart,1511708716,284921427,https://apps.apple.com/us/app/sudoku/id284921427,284921427,Sudoku,,https://is2-ssl.mzstatic.com/image/thumb/Purple127/v4/7d/23/c6/7d23c660-aba8-308a-05c0-19385a377c0e/source/512x512bb.jpg,1.0,3553.0,1.0000000000000002,,"Join over 21,000,000 of our fans and download one of our Sudoku games today!\n\nMakers of the Best Sudoku Game of 2008, Sudoku (Free), we offer you the best selling Sudoku game for iPhone with great features and 1000 unique puzzles! \n\nSudoku will give you many hours of fun and puzzle solving. Enjoy the challenge of solving Sudoku puzzles whenever or wherever you are using your iPhone or iPod Touch. \n\nOPTIONS\n\nAll options are on by default, but you can turn them off in the Options menu\n\u2022 Show Incorrect :: Shows incorrect answers in red.  \n\u2022 Smart Buttons :: Disables the number button when that number is completed on the game board.   \n\u2022 Smart Notes :: Removes the number from the notes in the box, column, and row that contains the cell with your correct answer.\n\nFEATURES\n\n\u2022 1000 unique handcrafted puzzles\n\u2022 ALL puzzles solvable WITHOUT guessing\n\u2022 Four different skill levels\n\u2022 Challenge a friend\n\u2022 Multiple color schemes\n\u2022 ""ALL notes"": tap the ""All notes"" button on to show all the possible answers for each square.  Tap the ""All notes"" button off to remove the notes.\n\u2022 Hints: shows the answer for the selected square or a random square when one is not selected\n\u2022 Pause the game at any time and resume where you left off\n\u2022 Best times, progress statistics, and much more\n\nDo you want more? Try one of our other versions of sudoku which have all the same great features!\n* Try Color Sudoku for a fun twist to solving sudoku puzzles. \n* For advanced puzzle solving, try Expert Sudoku to challenge your sudoku solving skills.",Mighty Mighty Good Games,4+,"DA, NL, EN, FI, FR, DE, IT, JA, KO, NB, PL, PT, RU, ZH, ES, SV, ZH",1.0,Games,"Games, Strategy, Puzzle",11/07/2008,30/05/2017
4,0,2520377,pv,1512105704,284921427,https://apps.apple.com/us/app/sudoku/id284921427,284921427,Sudoku,,https://is2-ssl.mzstatic.com/image/thumb/Purple127/v4/7d/23/c6/7d23c660-aba8-308a-05c0-19385a377c0e/source/512x512bb.jpg,1.0,3553.0,1.0000000000000002,,"Join over 21,000,000 of our fans and download one of our Sudoku games today!\n\nMakers of the Best Sudoku Game of 2008, Sudoku (Free), we offer you the best selling Sudoku game for iPhone with great features and 1000 unique puzzles! \n\nSudoku will give you many hours of fun and puzzle solving. Enjoy the challenge of solving Sudoku puzzles whenever or wherever you are using your iPhone or iPod Touch. \n\nOPTIONS\n\nAll options are on by default, but you can turn them off in the Options menu\n\u2022 Show Incorrect :: Shows incorrect answers in red.  \n\u2022 Smart Buttons :: Disables the number button when that number is completed on the game board.   \n\u2022 Smart Notes :: Removes the number from the notes in the box, column, and row that contains the cell with your correct answer.\n\nFEATURES\n\n\u2022 1000 unique handcrafted puzzles\n\u2022 ALL puzzles solvable WITHOUT guessing\n\u2022 Four different skill levels\n\u2022 Challenge a friend\n\u2022 Multiple color schemes\n\u2022 ""ALL notes"": tap the ""All notes"" button on to show all the possible answers for each square.  Tap the ""All notes"" button off to remove the notes.\n\u2022 Hints: shows the answer for the selected square or a random square when one is not selected\n\u2022 Pause the game at any time and resume where you left off\n\u2022 Best times, progress statistics, and much more\n\nDo you want more? Try one of our other versions of sudoku which have all the same great features!\n* Try Color Sudoku for a fun twist to solving sudoku puzzles. \n* For advanced puzzle solving, try Expert Sudoku to challenge your sudoku solving skills.",Mighty Mighty Good Games,4+,"DA, NL, EN, FI, FR, DE, IT, JA, KO, NB, PL, PT, RU, ZH, ES, SV, ZH",1.0,Games,"Games, Strategy, Puzzle",11/07/2008,30/05/2017
4,0,2520377,pv,1512105737,284921427,https://apps.apple.com/us/app/sudoku/id284921427,284921427,Sudoku,,https://is2-ssl.mzstatic.com/image/thumb/Purple127/v4/7d/23/c6/7d23c660-aba8-308a-05c0-19385a377c0e/source/512x512bb.jpg,1.0,3553.0,1.0000000000000002,,"Join over 21,000,000 of our fans and download one of our Sudoku games today!\n\nMakers of the Best Sudoku Game of 2008, Sudoku (Free), we offer you the best selling Sudoku game for iPhone with great features and 1000 unique puzzles! \n\nSudoku will give you many hours of fun and puzzle solving. Enjoy the challenge of solving Sudoku puzzles whenever or wherever you are using your iPhone or iPod Touch. \n\nOPTIONS\n\nAll options are on by default, but you can turn them off in the Options menu\n\u2022 Show Incorrect :: Shows incorrect answers in red.  \n\u2022 Smart Buttons :: Disables the number button when that number is completed on the game board.   \n\u2022 Smart Notes :: Removes the number from the notes in the box, column, and row that contains the cell with your correct answer.\n\nFEATURES\n\n\u2022 1000 unique handcrafted puzzles\n\u2022 ALL puzzles solvable WITHOUT guessing\n\u2022 Four different skill levels\n\u2022 Challenge a friend\n\u2022 Multiple color schemes\n\u2022 ""ALL notes"": tap the ""All notes"" button on to show all the possible answers for each square.  Tap the ""All notes"" button off to remove the notes.\n\u2022 Hints: shows the answer for the selected square or a random square when one is not selected\n\u2022 Pause the game at any time and resume where you left off\n\u2022 Best times, progress statistics, and much more\n\nDo you want more? Try one of our other versions of sudoku which have all the same great features!\n* Try Color Sudoku for a fun twist to solving sudoku puzzles. \n* For advanced puzzle solving, try Expert Sudoku to challenge your sudoku solving skills.",Mighty Mighty Good Games,4+,"DA, NL, EN, FI, FR, DE, IT, JA, KO, NB, PL, PT, RU, ZH, ES, SV, ZH",1.0,Games,"Games, Strategy, Puzzle",11/07/2008,30/05/2017
4,0,2520377,pv,1512105777,284921427,https://apps.apple.com/us/app/sudoku/id284921427,284921427,Sudoku,,https://is2-ssl.mzstatic.com/image/thumb/Purple127/v4/7d/23/c6/7d23c660-aba8-308a-05c0-19385a377c0e/source/512x512bb.jpg,1.0,3553.0,1.0000000000000002,,"Join over 21,000,000 of our fans and download one of our Sudoku games today!\n\nMakers of the Best Sudoku Game of 2008, Sudoku (Free), we offer you the best selling Sudoku game for iPhone with great features and 1000 unique puzzles! \n\nSudoku will give you many hours of fun and puzzle solving. Enjoy the challenge of solving Sudoku puzzles whenever or wherever you are using your iPhone or iPod Touch. \n\nOPTIONS\n\nAll options are on by default, but you can turn them off in the Options menu\n\u2022 Show Incorrect :: Shows incorrect answers in red.  \n\u2022 Smart Buttons :: Disables the number button when that number is completed on the game board.   \n\u2022 Smart Notes :: Removes the number from the notes in the box, column, and row that contains the cell with your correct answer.\n\nFEATURES\n\n\u2022 1000 unique handcrafted puzzles\n\u2022 ALL puzzles solvable WITHOUT guessing\n\u2022 Four different skill levels\n\u2022 Challenge a friend\n\u2022 Multiple color schemes\n\u2022 ""ALL notes"": tap the ""All notes"" button on to show all the possible answers for each square.  Tap the ""All notes"" button off to remove the notes.\n\u2022 Hints: shows the answer for the selected square or a random square when one is not selected\n\u2022 Pause the game at any time and resume where you left off\n\u2022 Best times, progress statistics, and much more\n\nDo you want more? Try one of our other versions of sudoku which have all the same great features!\n* Try Color Sudoku for a fun twist to solving sudoku puzzles. \n* For advanced puzzle solving, try Expert Sudoku to challenge your sudoku solving skills.",Mighty Mighty Good Games,4+,"DA, NL, EN, FI, FR, DE, IT, JA, KO, NB, PL, PT, RU, ZH, ES, SV, ZH",1.0,Games,"Games, Strategy, Puzzle",11/07/2008,30/05/2017
4,0,2520377,pv,1512207849,284921427,https://apps.apple.com/us/app/sudoku/id284921427,284921427,Sudoku,,https://is2-ssl.mzstatic.com/image/thumb/Purple127/v4/7d/23/c6/7d23c660-aba8-308a-05c0-19385a377c0e/source/512x512bb.jpg,1.0,3553.0,1.0000000000000002,,"Join over 21,000,000 of our fans and download one of our Sudoku games today!\n\nMakers of the Best Sudoku Game of 2008, Sudoku (Free), we offer you the best selling Sudoku game for iPhone with great features and 1000 unique puzzles! \n\nSudoku will give you many hours of fun and puzzle solving. Enjoy the challenge of solving Sudoku puzzles whenever or wherever you are using your iPhone or iPod Touch. \n\nOPTIONS\n\nAll options are on by default, but you can turn them off in the Options menu\n\u2022 Show Incorrect :: Shows incorrect answers in red.  \n\u2022 Smart Buttons :: Disables the number button when that number is completed on the game board.   \n\u2022 Smart Notes :: Removes the number from the notes in the box, column, and row that contains the cell with your correct answer.\n\nFEATURES\n\n\u2022 1000 unique handcrafted puzzles\n\u2022 ALL puzzles solvable WITHOUT guessing\n\u2022 Four different skill levels\n\u2022 Challenge a friend\n\u2022 Multiple color schemes\n\u2022 ""ALL notes"": tap the ""All notes"" button on to show all the possible answers for each square.  Tap the ""All notes"" button off to remove the notes.\n\u2022 Hints: shows the answer for the selected square or a random square when one is not selected\n\u2022 Pause the game at any time and resume where you left off\n\u2022 Best times, progress statistics, and much more\n\nDo you want more? Try one of our other versions of sudoku which have all the same great features!\n* Try Color Sudoku for a fun twist to solving sudoku puzzles. \n* For advanced puzzle solving, try Expert Sudoku to challenge your sudoku solving skills.",Mighty Mighty Good Games,4+,"DA, NL, EN, FI, FR, DE, IT, JA, KO, NB, PL, PT, RU, ZH, ES, SV, ZH",1.0,Games,"Games, Strategy, Puzzle",11/07/2008,30/05/2017
5,0,2520377,pv,1512015606,284921427,https://apps.apple.com/us/app/sudoku/id284921427,284921427,Sudoku,,https://is2-ssl.mzstatic.com/image/thumb/Purple127/v4/7d/23/c6/7d23c660-aba8-308a-05c0-19385a377c0e/source/512x512bb.jpg,1.0,3553.0,1.0000000000000002,,"Join over 21,000,000 of our fans and download one of our Sudoku games today!\n\nMakers of the Best Sudoku Game of 2008, Sudoku (Free), we offer you the best selling Sudoku game for iPhone with great features and 1000 unique puzzles! \n\nSudoku will give you many hours of fun and puzzle solving. Enjoy the challenge of solving Sudoku puzzles whenever or wherever you are using your iPhone or iPod Touch. \n\nOPTIONS\n\nAll options are on by default, but you can turn them off in the Options menu\n\u2022 Show Incorrect :: Shows incorrect answers in red.  \n\u2022 Smart Buttons :: Disables the number button when that number is completed on the game board.   \n\u2022 Smart Notes :: Removes the number from the notes in the box, column, and row that contains the cell with your correct answer.\n\nFEATURES\n\n\u2022 1000 unique handcrafted puzzles\n\u2022 ALL puzzles solvable WITHOUT guessing\n\u2022 Four different skill levels\n\u2022 Challenge a friend\n\u2022 Multiple color schemes\n\u2022 ""ALL notes"": tap the ""All notes"" button on to show all the possible answers for each square.  Tap the ""All notes"" button off to remove the notes.\n\u2022 Hints: shows the answer for the selected square or a random square when one is not selected\n\u2022 Pause the game at any time and resume where you left off\n\u2022 Best times, progress statistics, and much more\n\nDo you want more? Try one of our other versions of sudoku which have all the same great features!\n* Try Color Sudoku for a fun twist to solving sudoku puzzles. \n* For advanced puzzle solving, try Expert Sudoku to challenge your sudoku solving skills.",Mighty Mighty Good Games,4+,"DA, NL, EN, FI, FR, DE, IT, JA, KO, NB, PL, PT, RU, ZH, ES, SV, ZH",1.0,Games,"Games, Strategy, Puzzle",11/07/2008,30/05/2017
6,0,2520377,pv,1512103822,284921427,https://apps.apple.com/us/app/sudoku/id284921427,284921427,Sudoku,,https://is2-ssl.mzstatic.com/image/thumb/Purple127/v4/7d/23/c6/7d23c660-aba8-308a-05c0-19385a377c0e/source/512x512bb.jpg,1.0,3553.0,1.0000000000000002,,"Join over 21,000,000 of our fans and download one of our Sudoku games today!\n\nMakers of the Best Sudoku Game of 2008, Sudoku (Free), we offer you the best selling Sudoku game for iPhone with great features and 1000 unique puzzles! \n\nSudoku will give you many hours of fun and puzzle solving. Enjoy the challenge of solving Sudoku puzzles whenever or wherever you are using your iPhone or iPod Touch. \n\nOPTIONS\n\nAll options are on by default, but you can turn them off in the Options menu\n\u2022 Show Incorrect :: Shows incorrect answers in red.  \n\u2022 Smart Buttons :: Disables the number button when that number is completed on the game board.   \n\u2022 Smart Notes :: Removes the number from the notes in the box, column, and row that contains the cell with your correct answer.\n\nFEATURES\n\n\u2022 1000 unique handcrafted puzzles\n\u2022 ALL puzzles solvable WITHOUT guessing\n\u2022 Four different skill levels\n\u2022 Challenge a friend\n\u2022 Multiple color schemes\n\u2022 ""ALL notes"": tap the ""All notes"" button on to show all the possible answers for each square.  Tap the ""All notes"" button off to remove the notes.\n\u2022 Hints: shows the answer for the selected square or a random square when one is not selected\n\u2022 Pause the game at any time and resume where you left off\n\u2022 Best times, progress statistics, and much more\n\nDo you want more? Try one of our other versions of sudoku which have all the same great features!\n* Try Color Sudoku for a fun twist to solving sudoku puzzles. \n* For advanced puzzle solving, try Expert Sudoku to challenge your sudoku solving skills.",Mighty Mighty Good Games,4+,"DA, NL, EN, FI, FR, DE, IT, JA, KO, NB, PL, PT, RU, ZH, ES, SV, ZH",1.0,Games,"Games, Strategy, Puzzle",11/07/2008,30/05/2017
7,0,2520377,fav,1511968262,284921427,https://apps.apple.com/us/app/sudoku/id284921427,284921427,Sudoku,,https://is2-ssl.mzstatic.com/image/thumb/Purple127/v4/7d/23/c6/7d23c660-aba8-308a-05c0-19385a377c0e/source/512x512bb.jpg,1.0,3553.0,1.0000000000000002,,"Join over 21,000,000 of our fans and download one of our Sudoku games today!\n\nMakers of the Best Sudoku Game of 2008, Sudoku (Free), we offer you the best selling Sudoku game for iPhone with great features and 1000 unique puzzles! \n\nSudoku will give you many hours of fun and puzzle solving. Enjoy the challenge of solving Sudoku puzzles whenever or wherever you are using your iPhone or iPod Touch. \n\nOPTIONS\n\nAll options are on by default, but you can turn them off in the Options menu\n\u2022 Show Incorrect :: Shows incorrect answers in red.  \n\u2022 Smart Buttons :: Disables the number button when that number is completed on the game board.   \n\u2022 Smart Notes :: Removes the number from the notes in the box, column, and row that contains the cell with your correct answer.\n\nFEATURES\n\n\u2022 1000 unique handcrafted puzzles\n\u2022 ALL puzzles solvable WITHOUT guessing\n\u2022 Four different skill levels\n\u2022 Challenge a friend\n\u2022 Multiple color schemes\n\u2022 ""ALL notes"": tap the ""All notes"" button on to show all the possible answers for each square.  Tap the ""All notes"" button off to remove the notes.\n\u2022 Hints: shows the answer for the selected square or a random square when one is not selected\n\u2022 Pause the game at any time and resume where you left off\n\u2022 Best times, progress statistics, and much more\n\nDo you want more? Try one of our other versions of sudoku which have all the same great features!\n* Try Color Sudoku for a fun twist to solving sudoku puzzles. \n* For advanced puzzle solving, try Expert Sudoku to challenge your sudoku solving skills.",Mighty Mighty Good Games,4+,"DA, NL, EN, FI, FR, DE, IT, JA, KO, NB, PL, PT, RU, ZH, ES, SV, ZH",1.0,Games,"Games, Strategy, Puzzle",11/07/2008,30/05/2017
8,0,2520377,pv,1511664291,284921427,https://apps.apple.com/us/app/sudoku/id284921427,284921427,Sudoku,,https://is2-ssl.mzstatic.com/image/thumb/Purple127/v4/7d/23/c6/7d23c660-aba8-308a-05c0-19385a377c0e/source/512x512bb.jpg,1.0,3553.0,1.0000000000000002,,"Join over 21,000,000 of our fans and download one of our Sudoku games today!\n\nMakers of the Best Sudoku Game of 2008, Sudoku (Free), we offer you the best selling Sudoku game for iPhone with great features and 1000 unique puzzles! \n\nSudoku will give you many hours of fun and puzzle solving. Enjoy the challenge of solving Sudoku puzzles whenever or wherever you are using your iPhone or iPod Touch. \n\nOPTIONS\n\nAll options are on by default, but you can turn them off in the Options menu\n\u2022 Show Incorrect :: Shows incorrect answers in red.  \n\u2022 Smart Buttons :: Disables the number button when that number is completed on the game board.   \n\u2022 Smart Notes :: Removes the number from the notes in the box, column, and row that contains the cell with your correct answer.\n\nFEATURES\n\n\u2022 1000 unique handcrafted puzzles\n\u2022 ALL puzzles solvable WITHOUT guessing\n\u2022 Four different skill levels\n\u2022 Challenge a friend\n\u2022 Multiple color schemes\n\u2022 ""ALL notes"": tap the ""All notes"" button on to show all the possible answers for each square.  Tap the ""All notes"" button off to remove the notes.\n\u2022 Hints: shows the answer for the selected square or a random square when one is not selected\n\u2022 Pause the game at any time and resume where you left off\n\u2022 Best times, progress statistics, and much more\n\nDo you want more? Try one of our other versions of sudoku which have all the same great features!\n* Try Color Sudoku for a fun twist to solving sudoku puzzles. \n* For advanced puzzle solving, try Expert Sudoku to challenge your sudoku solving skills.",Mighty Mighty Good Games,4+,"DA, NL, EN, FI, FR, DE, IT, JA, KO, NB, PL, PT, RU, ZH, ES, SV, ZH",1.0,Games,"Games, Strategy, Puzzle",11/07/2008,30/05/2017
9,0,2520377,pv,1511853289,284921427,https://apps.apple.com/us/app/sudoku/id284921427,284921427,Sudoku,,https://is2-ssl.mzstatic.com/image/thumb/Purple127/v4/7d/23/c6/7d23c660-aba8-308a-05c0-19385a377c0e/source/512x512bb.jpg,1.0,3553.0,1.0000000000000002,,"Join over 21,000,000 of our fans and download one of our Sudoku games today!\n\nMakers of the Best Sudoku Game of 2008, Sudoku (Free), we offer you the best selling Sudoku game for iPhone with great features and 1000 unique puzzles! \n\nSudoku will give you many hours of fun and puzzle solving. Enjoy the challenge of solving Sudoku puzzles whenever or wherever you are using your iPhone or iPod Touch. \n\nOPTIONS\n\nAll options are on by default, but you can turn them off in the Options menu\n\u2022 Show Incorrect :: Shows incorrect answers in red.  \n\u2022 Smart Buttons :: Disables the number button when that number is completed on the game board.   \n\u2022 Smart Notes :: Removes the number from the notes in the box, column, and row that contains the cell with your correct answer.\n\nFEATURES\n\n\u2022 1000 unique handcrafted puzzles\n\u2022 ALL puzzles solvable WITHOUT guessing\n\u2022 Four different skill levels\n\u2022 Challenge a friend\n\u2022 Multiple color schemes\n\u2022 ""ALL notes"": tap the ""All notes"" button on to show all the possible answers for each square.  Tap the ""All notes"" button off to remove the notes.\n\u2022 Hints: shows the answer for the selected square or a random square when one is not selected\n\u2022 Pause the game at any time and resume where you left off\n\u2022 Best times, progress statistics, and much more\n\nDo you want more? Try one of our other versions of sudoku which have all the same great features!\n* Try Color Sudoku for a fun twist to solving sudoku puzzles. \n* For advanced puzzle solving, try Expert Sudoku to challenge your sudoku solving skills.",Mighty Mighty Good Games,4+,"DA, NL, EN, FI, FR, DE, IT, JA, KO, NB, PL, PT, RU, ZH, ES, SV, ZH",1.0,Games,"Games, Strategy, Puzzle",11/07/2008,30/05/2017
10,0,2520377,pv,1511628336,284921427,https://apps.apple.com/us/app/sudoku/id284921427,284921427,Sudoku,,https://is2-ssl.mzstatic.com/image/thumb/Purple127/v4/7d/23/c6/7d23c660-aba8-308a-05c0-19385a377c0e/source/512x512bb.jpg,1.0,3553.0,1.0000000000000002,,"Join over 21,000,000 of our fans and download one of our Sudoku games today!\n\nMakers of the Best Sudoku Game of 2008, Sudoku (Free), we offer you the best selling Sudoku game for iPhone with great features and 1000 unique puzzles! \n\nSudoku will give you many hours of fun and puzzle solving. Enjoy the challenge of solving Sudoku puzzles whenever or wherever you are using your iPhone or iPod Touch. \n\nOPTIONS\n\nAll options are on by default, but you can turn them off in the Options menu\n\u2022 Show Incorrect :: Shows incorrect answers in red.  \n\u2022 Smart Buttons :: Disables the number button when that number is completed on the game board.   \n\u2022 Smart Notes :: Removes the number from the notes in the box, column, and row that contains the cell with your correct answer.\n\nFEATURES\n\n\u2022 1000 unique handcrafted puzzles\n\u2022 ALL puzzles solvable WITHOUT guessing\n\u2022 Four different skill levels\n\u2022 Challenge a friend\n\u2022 Multiple color schemes\n\u2022 ""ALL notes"": tap the ""All notes"" button on to show all the possible answers for each square.  Tap the ""All notes"" button off to remove the notes.\n\u2022 Hints: shows the answer for the selected square or a random square when one is not selected\n\u2022 Pause the game at any time and resume where you left off\n\u2022 Best times, progress statistics, and much more\n\nDo you want more? Try one of our other versions of sudoku which have all the same great features!\n* Try Color Sudoku for a fun twist to solving sudoku puzzles. \n* For advanced puzzle solving, try Expert Sudoku to challenge your sudoku solving skills.",Mighty Mighty Good Games,4+,"DA, NL, EN, FI, FR, DE, IT, JA, KO, NB, PL, PT, RU, ZH, ES, SV, ZH",1.0,Games,"Games, Strategy, Puzzle",11/07/2008,30/05/2017
11,0,2520377,fav,1511845253,284921427,https://apps.apple.com/us/app/sudoku/id284921427,284921427,Sudoku,,https://is2-ssl.mzstatic.com/image/thumb/Purple127/v4/7d/23/c6/7d23c660-aba8-308a-05c0-19385a377c0e/source/512x512bb.jpg,1.0,3553.0,1.0000000000000002,,"Join over 21,000,000 of our fans and download one of our Sudoku games today!\n\nMakers of the Best Sudoku Game of 2008, Sudoku (Free), we offer you the best selling Sudoku game for iPhone with great features and 1000 unique puzzles! \n\nSudoku will give you many hours of fun and puzzle solving. Enjoy the challenge of solving Sudoku puzzles whenever or wherever you are using your iPhone or iPod Touch. \n\nOPTIONS\n\nAll options are on by default, but you can turn them off in the Options menu\n\u2022 Show Incorrect :: Shows incorrect answers in red.  \n\u2022 Smart Buttons :: Disables the number button when that number is completed on the game board.   \n\u2022 Smart Notes :: Removes the number from the notes in the box, column, and row that contains the cell with your correct answer.\n\nFEATURES\n\n\u2022 1000 unique handcrafted puzzles\n\u2022 ALL puzzles solvable WITHOUT guessing\n\u2022 Four different skill levels\n\u2022 Challenge a friend\n\u2022 Multiple color schemes\n\u2022 ""ALL notes"": tap the ""All notes"" button on to show all the possible answers for each square.  Tap the ""All notes"" button off to remove the notes.\n\u2022 Hints: shows the answer for the selected square or a random square when one is not selected\n\u2022 Pause the game at any time and resume where you left off\n\u2022 Best times, progress statistics, and much more\n\nDo you want more? Try one of our other versions of sudoku which have all the same great features!\n* Try Color Sudoku for a fun twist to solving sudoku puzzles. \n* For advanced puzzle solving, try Expert Sudoku to challenge your sudoku solving skills.",Mighty Mighty Good Games,4+,"DA, NL, EN, FI, FR, DE, IT, JA, KO, NB, PL, PT, RU, ZH, ES, SV, ZH",1.0,Games,"Games, Strategy, Puzzle",11/07/2008,30/05/2017
12,0,2520377,pv,1511837474,284921427,https://apps.apple.com/us/app/sudoku/id284921427,284921427,Sudoku,,https://is2-ssl.mzstatic.com/image/thumb/Purple127/v4/7d/23/c6/7d23c660-aba8-308a-05c0-19385a377c0e/source/512x512bb.jpg,1.0,3553.0,1.0000000000000002,,"Join over 21,000,000 of our fans and download one of our Sudoku games today!\n\nMakers of the Best Sudoku Game of 2008, Sudoku (Free), we offer you the best selling Sudoku game for iPhone with great features and 1000 unique puzzles! \n\nSudoku will give you many hours of fun and puzzle solving. Enjoy the challenge of solving Sudoku puzzles whenever or wherever you are using your iPhone or iPod Touch. \n\nOPTIONS\n\nAll options are on by default, but you can turn them off in the Options menu\n\u2022 Show Incorrect :: Shows incorrect answers in red.  \n\u2022 Smart Buttons :: Disables the number button when that number is completed on the game board.   \n\u2022 Smart Notes :: Removes the number from the notes in the box, column, and row that contains the cell with your correct answer.\n\nFEATURES\n\n\u2022 1000 unique handcrafted puzzles\n\u2022 ALL puzzles solvable WITHOUT guessing\n\u2022 Four different skill levels\n\u2022 Challenge a friend\n\u2022 Multiple color schemes\n\u2022 ""ALL notes"": tap the ""All notes"" button on to show all the possible answers for each square.  Tap the ""All notes"" button off to remove the notes.\n\u2022 Hints: shows the answer for the selected square or a random square when one is not selected\n\u2022 Pause the game at any time and resume where you left off\n\u2022 Best times, progress statistics, and much more\n\nDo you want more? Try one of our other versions of sudoku which have all the same great features!\n* Try Color Sudoku for a fun twist to solving sudoku puzzles. \n* For advanced puzzle solving, try Expert Sudoku to challenge your sudoku solving skills.",Mighty Mighty Good Games,4+,"DA, NL, EN, FI, FR, DE, IT, JA, KO, NB, PL, PT, RU, ZH, ES, SV, ZH",1.0,Games,"Games, Strategy, Puzzle",11/07/2008,30/05/2017
13,0,2520377,pv,1512038030,284921427,https://apps.apple.com/us/app/sudoku/id284921427,284921427,Sudoku,,https://is2-ssl.mzstatic.com/image/thumb/Purple127/v4/7d/23/c6/7d23c660-aba8-308a-05c0-19385a377c0e/source/512x512bb.jpg,1.0,3553.0,1.0000000000000002,,"Join over 21,000,000 of our fans and download one of our Sudoku games today!\n\nMakers of the Best Sudoku Game of 2008, Sudoku (Free), we offer you the best selling Sudoku game for iPhone with great features and 1000 unique puzzles! \n\nSudoku will give you many hours of fun and puzzle solving. Enjoy the challenge of solving Sudoku puzzles whenever or wherever you are using your iPhone or iPod Touch. \n\nOPTIONS\n\nAll options are on by default, but you can turn them off in the Options menu\n\u2022 Show Incorrect :: Shows incorrect answers in red.  \n\u2022 Smart Buttons :: Disables the number button when that number is completed on the game board.   \n\u2022 Smart Notes :: Removes the number from the notes in the box, column, and row that contains the cell with your correct answer.\n\nFEATURES\n\n\u2022 1000 unique handcrafted puzzles\n\u2022 ALL puzzles solvable WITHOUT guessing\n\u2022 Four different skill levels\n\u2022 Challenge a friend\n\u2022 Multiple color schemes\n\u2022 ""ALL notes"": tap the ""All notes"" button on to show all the possible answers for each square.  Tap the ""All notes"" button off to remove the notes.\n\u2022 Hints: shows the answer for the selected square or a random square when one is not selected\n\u2022 Pause the game at any time and resume where you left off\n\u2022 Best times, progress statistics, and much more\n\nDo you want more? Try one of our other versions of sudoku which have all the same great features!\n* Try Color Sudoku for a fun twist to solving sudoku puzzles. \n* For advanced puzzle solving, try Expert Sudoku to challenge your sudoku solving skills.",Mighty Mighty Good Games,4+,"DA, NL, EN, FI, FR, DE, IT, JA, KO, NB, PL, PT, RU, ZH, ES, SV, ZH",1.0,Games,"Games, Strategy, Puzzle",11/07/2008,30/05/2017
14,1,2520771,pv,1511885145,284926400,https://apps.apple.com/us/app/reversi/id284926400,284926400,Reversi,,https://is4-ssl.mzstatic.com/image/thumb/Purple128/v4/f7/e8/10/f7e810c8-72b4-cd85-e2d3-fbcb1e3ef381/source/512x512bb.jpg,0.0,284.0,0.0,,"The classic game of Reversi, also known as Othello, is a much-loved strategy board game. It is often described as taking only a minute to learn but a lifetime to master. Each game only takes a few minutes, making it ideal for your iPhone or iPod Touch. It can be played by all ages. This continues to be one of the most sought-after versions of the game for the natural AI when playing against the CPU and the refreshing, crisp graphics.\n\nFEATURES:\n\n- One or two player mode\n- Six levels of difficulty from beginner to guru\n- Each level has its own style of play\n- Strong computer opponent at higher levels\n- Fast computer play!\n- Option for suggestions to help improve your game play\n- Four gorgeously styled boards\n- Unlimited undo and redo\n- Scoreboard\n- Auto-save game in progress\n- Can listen to your iPod whilst playing\n\n""There are several free Reversi games in the app store, but none have the breadth of options or depth of AI of this paid version. AppCraver looks forward to seeing what developer Kiss The Machine comes up with next"" - www.appcraver.com\n\n""For those who are serious about playing Reversi and want a serious AI challenge get this one"" - mrbass.org best iPhone and iPod Touch games",Kiss The Machine,4+,EN,0.0,Games,"Games, Strategy, Board",11/07/2008,17/05/2018
15,0,2520377,pv,1512268767,284921427,https://apps.apple.com/us/app/sudoku/id284921427,284921427,Sudoku,,https://is2-ssl.mzstatic.com/image/thumb/Purple127/v4/7d/23/c6/7d23c660-aba8-308a-05c0-19385a377c0e/source/512x512bb.jpg,1.0,3553.0,1.0000000000000002,,"Join over 21,000,000 of our fans and download one of our Sudoku games today!\n\nMakers of the Best Sudoku Game of 2008, Sudoku (Free), we offer you the best selling Sudoku game for iPhone with great features and 1000 unique puzzles! \n\nSudoku will give you many hours of fun and puzzle solving. Enjoy the challenge of solving Sudoku puzzles whenever or wherever you are using your iPhone or iPod Touch. \n\nOPTIONS\n\nAll options are on by default, but you can turn them off in the Options menu\n\u2022 Show Incorrect :: Shows incorrect answers in red.  \n\u2022 Smart Buttons :: Disables the number button when that number is completed on the game board.   \n\u2022 Smart Notes :: Removes the number from the notes in the box, column, and row that contains the cell with your correct answer.\n\nFEATURES\n\n\u2022 1000 unique handcrafted puzzles\n\u2022 ALL puzzles solvable WITHOUT guessing\n\u2022 Four different skill levels\n\u2022 Challenge a friend\n\u2022 Multiple color schemes\n\u2022 ""ALL notes"": tap the ""All notes"" button on to show all the possible answers for each square.  Tap the ""All notes"" button off to remove the notes.\n\u2022 Hints: shows the answer for the selected square or a random square when one is not selected\n\u2022 Pause the game at any time and resume where you left off\n\u2022 Best times, progress statistics, and much more\n\nDo you want more? Try one of our other versions of sudoku which have all the same great features!\n* Try Color Sudoku for a fun twist to solving sudoku puzzles. \n* For advanced puzzle solving, try Expert Sudoku to challenge your sudoku solving skills.",Mighty Mighty Good Games,4+,"DA, NL, EN, FI, FR, DE, IT, JA, KO, NB, PL, PT, RU, ZH, ES, SV, ZH",1.0,Games,"Games, Strategy, Puzzle",11/07/2008,30/05/2017
16,0,2520377,pv,1511942868,284921427,https://apps.apple.com/us/app/sudoku/id284921427,284921427,Sudoku,,https://is2-ssl.mzstatic.com/image/thumb/Purple127/v4/7d/23/c6/7d23c660-aba8-308a-05c0-19385a377c0e/source/512x512bb.jpg,1.0,3553.0,1.0000000000000002,,"Join over 21,000,000 of our fans and download one of our Sudoku games today!\n\nMakers of the Best Sudoku Game of 2008, Sudoku (Free), we offer you the best selling Sudoku game for iPhone with great features and 1000 unique puzzles! \n\nSudoku will give you many hours of fun and puzzle solving. Enjoy the challenge of solving Sudoku puzzles whenever or wherever you are using your iPhone or iPod Touch. \n\nOPTIONS\n\nAll options are on by default, but you can turn them off in the Options menu\n\u2022 Show Incorrect :: Shows incorrect answers in red.  \n\u2022 Smart Buttons :: Disables the number button when that number is completed on the game board.   \n\u2022 Smart Notes :: Removes the number from the notes in the box, column, and row that contains the cell with your correct answer.\n\nFEATURES\n\n\u2022 1000 unique handcrafted puzzles\n\u2022 ALL puzzles solvable WITHOUT guessing\n\u2022 Four different skill levels\n\u2022 Challenge a friend\n\u2022 Multiple color schemes\n\u2022 ""ALL notes"": tap the ""All notes"" button on to show all the possible answers for each square.  Tap the ""All notes"" button off to remove the notes.\n\u2022 Hints: shows the answer for the selected square or a random square when one is not selected\n\u2022 Pause the game at any time and resume where you left off\n\u2022 Best times, progress statistics, and much more\n\nDo you want more? Try one of our other versions of sudoku which have all the same great features!\n* Try Color Sudoku for a fun twist to solving sudoku puzzles. \n* For advanced puzzle solving, try Expert Sudoku to challenge your sudoku solving skills.",Mighty Mighty Good Games,4+,"DA, NL, EN, FI, FR, DE, IT, JA, KO, NB, PL, PT, RU, ZH, ES, SV, ZH",1.0,Games,"Games, Strategy, Puzzle",11/07/2008,30/05/2017
16,0,2520377,fav,1512014422,284921427,https://apps.apple.com/us/app/sudoku/id284921427,284921427,Sudoku,,https://is2-ssl.mzstatic.com/image/thumb/Purple127/v4/7d/23/c6/7d23c660-aba8-308a-05c0-19385a377c0e/source/512x512bb.jpg,1.0,3553.0,1.0000000000000002,,"Join over 21,000,000 of our fans and download one of our Sudoku games today!\n\nMakers of the Best Sudoku Game of 2008, Sudoku (Free), we offer you the best selling Sudoku game for iPhone with great features and 1000 unique puzzles! \n\nSudoku will give you many hours of fun and puzzle solving. Enjoy the challenge of solving Sudoku puzzles whenever or wherever you are using your iPhone or iPod Touch. \n\nOPTIONS\n\nAll options are on by default, but you can turn them off in the Options menu\n\u2022 Show Incorrect :: Shows incorrect answers in red.  \n\u2022 Smart Buttons :: Disables the number button when that number is completed on the game board.   \n\u2022 Smart Notes :: Removes the number from the notes in the box, column, and row that contains the cell with your correct answer.\n\nFEATURES\n\n\u2022 1000 unique handcrafted puzzles\n\u2022 ALL puzzles solvable WITHOUT guessing\n\u2022 Four different skill levels\n\u2022 Challenge a friend\n\u2022 Multiple color schemes\n\u2022 ""ALL notes"": tap the ""All notes"" button on to show all the possible answers for each square.  Tap the ""All notes"" button off to remove the notes.\n\u2022 Hints: shows the answer for the selected square or a random square when one is not selected\n\u2022 Pause the game at any time and resume where you left off\n\u2022 Best times, progress statistics, and much more\n\nDo you want more? Try one of our other versions of sudoku which have all the same great features!\n* Try Color Sudoku for a fun twist to solving sudoku puzzles. \n* For advanced puzzle solving, try Expert Sudoku to challenge your sudoku solving skills.",Mighty Mighty Good Games,4+,"DA, NL, EN, FI, FR, DE, IT, JA, KO, NB, PL, PT, RU, ZH, ES, SV, ZH",1.0,Games,"Games, Strategy, Puzzle",11/07/2008,30/05/2017
16,0,2520377,pv,1512138221,284921427,https://apps.apple.com/us/app/sudoku/id284921427,284921427,Sudoku,,https://is2-ssl.mzstatic.com/image/thumb/Purple127/v4/7d/23/c6/7d23c660-aba8-308a-05c0-19385a377c0e/source/512x512bb.jpg,1.0,3553.0,1.0000000000000002,,"Join over 21,000,000 of our fans and download one of our Sudoku games today!\n\nMakers of the Best Sudoku Game of 2008, Sudoku (Free), we offer you the best selling Sudoku game for iPhone with great features and 1000 unique puzzles! \n\nSudoku will give you many hours of fun and puzzle solving. Enjoy the challenge of solving Sudoku puzzles whenever or wherever you are using your iPhone or iPod Touch. \n\nOPTIONS\n\nAll options are on by default, but you can turn them off in the Options menu\n\u2022 Show Incorrect :: Shows incorrect answers in red.  \n\u2022 Smart Buttons :: Disables the number button when that number is completed on the game board.   \n\u2022 Smart Notes :: Removes the number from the notes in the box, column, and row that contains the cell with your correct answer.\n\nFEATURES\n\n\u2022 1000 unique handcrafted puzzles\n\u2022 ALL puzzles solvable WITHOUT guessing\n\u2022 Four different skill levels\n\u2022 Challenge a friend\n\u2022 Multiple color schemes\n\u2022 ""ALL notes"": tap the ""All notes"" button on to show all the possible answers for each square.  Tap the ""All notes"" button off to remove the notes.\n\u2022 Hints: shows the answer for the selected square or a random square when one is not selected\n\u2022 Pause the game at any time and resume where you left off\n\u2022 Best times, progress statistics, and much more\n\nDo you want more? Try one of our other versions of sudoku which have all the same great features!\n* Try Color Sudoku for a fun twist to solving sudoku puzzles. \n* For advanced puzzle solving, try Expert Sudoku to challenge your sudoku solving skills.",Mighty Mighty Good Games,4+,"DA, NL, EN, FI, FR, DE, IT, JA, KO, NB, PL, PT, RU, ZH, ES, SV, ZH",1.0,Games,"Games, Strategy, Puzzle",11/07/2008,30/05/2017
17,1,2520771,pv,1512019004,284926400,https://apps.apple.com/us/app/reversi/id284926400,284926400,Reversi,,https://is4-ssl.mzstatic.com/image/thumb/Purple128/v4/f7/e8/10/f7e810c8-72b4-cd85-e2d3-fbcb1e3ef381/source/512x512bb.jpg,0.0,284.0,0.0,,"The classic game of Reversi, also known as Othello, is a much-loved strategy board game. It is often described as taking only a minute to learn but a lifetime to master. Each game only takes a few minutes, making it ideal for your iPhone or iPod Touch. It can be played by all ages. This continues to be one of the most sought-after versions of the game for the natural AI when playing against the CPU and the refreshing, crisp graphics.\n\nFEATURES:\n\n- One or two player mode\n- Six levels of difficulty from beginner to guru\n- Each level has its own style of play\n- Strong computer opponent at higher levels\n- Fast computer play!\n- Option for suggestions to help improve your game play\n- Four gorgeously styled boards\n- Unlimited undo and redo\n- Scoreboard\n- Auto-save game in progress\n- Can listen to your iPod whilst playing\n\n""There are several free Reversi games in the app store, but none have the breadth of options or depth of AI of this paid version. AppCraver looks forward to seeing what developer Kiss The Machine comes up with next"" - www.appcraver.com\n\n""For those who are serious about playing Reversi and want a serious AI challenge get this one"" - mrbass.org best iPhone and iPod Touch games",Kiss The Machine,4+,EN,0.0,Games,"Games, Strategy, Board",11/07/2008,17/05/2018
1,0,2520377,pv,1511759593,284921427,https://apps.apple.com/us/app/sudoku/id284921427,284921427,Sudoku,,https://is2-ssl.mzstatic.com/image/thumb/Purple127/v4/7d/23/c6/7d23c660-aba8-308a-05c0-19385a377c0e/source/512x512bb.jpg,1.0,3553.0,1.0000000000000002,,"Join over 21,000,000 of our fans and download one of our Sudoku games today!\n\nMakers of the Best Sudoku Game of 2008, Sudoku (Free), we offer you the best selling Sudoku game for iPhone with great features and 1000 unique puzzles! \n\nSudoku will give you many hours of fun and puzzle solving. Enjoy the challenge of solving Sudoku puzzles whenever or wherever you are using your iPhone or iPod Touch. \n\nOPTIONS\n\nAll options are on by default, but you can turn them off in the Options menu\n\u2022 Show Incorrect :: Shows incorrect answers in red.  \n\u2022 Smart Buttons :: Disables the number button when that number is completed on the game board.   \n\u2022 Smart Notes :: Removes the number from the notes in the box, column, and row that contains the cell with your correct answer.\n\nFEATURES\n\n\u2022 1000 unique handcrafted puzzles\n\u2022 ALL puzzles solvable WITHOUT guessing\n\u2022 Four different skill levels\n\u2022 Challenge a friend\n\u2022 Multiple color schemes\n\u2022 ""ALL notes"": tap the ""All notes"" button on to show all the possible answers for each square.  Tap the ""All notes"" button off to remove the notes.\n\u2022 Hints: shows the answer for the selected square or a random square when one is not selected\n\u2022 Pause the game at any time and resume where you left off\n\u2022 Best times, progress statistics, and much more\n\nDo you want more? Try one of our other versions of sudoku which have all the same great features!\n* Try Color Sudoku for a fun twist to solving sudoku puzzles. \n* For advanced puzzle solving, try Expert Sudoku to challenge your sudoku solving skills.",Mighty Mighty Good Games,4+,"DA, NL, EN, FI, FR, DE, IT, JA, KO, NB, PL, PT, RU, ZH, ES, SV, ZH",1.0,Games,"Games, Strategy, Puzzle",11/07/2008,30/05/2017
